{"editor_weight_decay":9.12221932006876e-05,"aug_noise_std":0.09977288718961332,"lambda_reg":0.3866533520262608,"k_neighbors":12,"epochs_editor":160,"lr_vae":0.000227443689076561,"vae_hidden":[384,384],"n_aug":8,"epochs_vae":160,"vae_grad_clip":1.159168585841289,"_timestamp":1.773042681875515e+09,"mean_reward":5499.667687920429,"success_rate":0.55,"lambda_cos":0.27399247068033755,"beta_dpo":2.3394682346402504,"lr_editor":0.0005335154558634727,"vae_weight_decay":1.0912992345465683e-06,"vae_beta":0.1452102730329252,"_step":0,"blend_alpha":0.8284550209353284,"editor_hidden":[128],"_runtime":205.260300458,"_wandb":{"runtime":205},"proj_dim":256,"anneal_epochs":40,"latent_dim":24,"editor_grad_clip":1.2907234958986171,"edit_scale":0.58578572420448,"elapsed_s":131.8709180355072}