{
  "_metadata": {
    "num_trials": 1,
    "task": "pen",
    "dataset_id": "D4RL/pen/human-v2",
    "env_name": "AdroitHandPen-v1"
  },
  "Vanilla BC": {
    "mean_reward": 4589.036931378017,
    "std_cross_trial_reward": 0.0,
    "success_rate": 0.45,
    "std_cross_trial_success": 0.0,
    "raw_trials": [
      {
        "Vanilla BC": {
          "mean_reward": 4589.036931378017,
          "std_reward": 4960.438122790743,
          "min_reward": -372.4995605173732,
          "max_reward": 11189.460903741992,
          "success_rate": 0.45,
          "rewards": [
            104.85912369215563,
            -91.49885634969468,
            139.19853065254892,
            9378.655060592353,
            154.27011372784239,
            153.2096386106678,
            10355.269896327907,
            10238.939592337312,
            678.7262871750256,
            127.76105620252153,
            9512.553771400815,
            140.25416791347158,
            10225.026673141252,
            7519.150774430771,
            -35.28690178315652,
            668.1386916661136,
            11189.460903741992,
            10854.730186248713,
            -372.4995605173732,
            10839.81947834911
          ]
        },
        "Gaussian Filter BC": {
          "mean_reward": 4493.508971699392,
          "std_reward": 4808.935335564777,
          "min_reward": -114.66155188352207,
          "max_reward": 11079.801887510748,
          "success_rate": 0.45,
          "rewards": [
            101.19600761760901,
            -99.41659436648894,
            180.49165357760359,
            8977.748271360459,
            99.5863951690299,
            10700.15159876705,
            9815.439112671527,
            9935.437458272905,
            1423.8670376725072,
            108.9532668959079,
            3567.8903520069366,
            963.5667904908534,
            10004.304880730415,
            1265.4130524586446,
            -6.5996362209168264,
            143.4818100538717,
            11079.801887510748,
            10834.581325251478,
            -114.66155188352207,
            10888.946315951187
          ]
        },
        "Cupid (Re-implemented)": {
          "mean_reward": 4494.795018714811,
          "std_reward": 4532.433477529251,
          "min_reward": -127.26269317762956,
          "max_reward": 11076.866331911808,
          "success_rate": 0.5,
          "rewards": [
            121.58644626694488,
            -48.58814349742852,
            1997.9086504722036,
            8598.208412878974,
            107.71987459073858,
            10830.997014075861,
            9772.567763832049,
            1779.0374452757997,
            1516.7857903547294,
            116.37679153190048,
            10317.049709462233,
            141.32037621382577,
            8947.114144198451,
            1458.3286119012282,
            -15.612989764335508,
            3797.257960964192,
            11076.866331911808,
            8608.895892448785,
            -127.26269317762956,
            10899.342984355879
          ]
        },
        "STRIDE v2 Direct": {
          "mean_reward": 5028.820818904814,
          "std_reward": 4882.304894039785,
          "min_reward": -141.50295199121675,
          "max_reward": 11250.233038306209,
          "success_rate": 0.5,
          "rewards": [
            60.08711361002125,
            -83.49583445340714,
            1651.996939021002,
            8655.310422240254,
            217.98012641746624,
            10649.725537995431,
            10478.650721027343,
            10248.338451900312,
            2521.9102659345676,
            1112.5012695139915,
            10353.547892727021,
            133.1819118684174,
            10223.781134307761,
            251.43625723912527,
            -56.02194622196074,
            1714.0558303269538,
            11250.233038306209,
            10834.803155997834,
            -141.50295199121675,
            10499.897042329156
          ]
        }
      }
    ]
  },
  "Gaussian Filter BC": {
    "mean_reward": 4493.508971699392,
    "std_cross_trial_reward": 0.0,
    "success_rate": 0.45,
    "std_cross_trial_success": 0.0,
    "raw_trials": [
      {
        "Vanilla BC": {
          "mean_reward": 4589.036931378017,
          "std_reward": 4960.438122790743,
          "min_reward": -372.4995605173732,
          "max_reward": 11189.460903741992,
          "success_rate": 0.45,
          "rewards": [
            104.85912369215563,
            -91.49885634969468,
            139.19853065254892,
            9378.655060592353,
            154.27011372784239,
            153.2096386106678,
            10355.269896327907,
            10238.939592337312,
            678.7262871750256,
            127.76105620252153,
            9512.553771400815,
            140.25416791347158,
            10225.026673141252,
            7519.150774430771,
            -35.28690178315652,
            668.1386916661136,
            11189.460903741992,
            10854.730186248713,
            -372.4995605173732,
            10839.81947834911
          ]
        },
        "Gaussian Filter BC": {
          "mean_reward": 4493.508971699392,
          "std_reward": 4808.935335564777,
          "min_reward": -114.66155188352207,
          "max_reward": 11079.801887510748,
          "success_rate": 0.45,
          "rewards": [
            101.19600761760901,
            -99.41659436648894,
            180.49165357760359,
            8977.748271360459,
            99.5863951690299,
            10700.15159876705,
            9815.439112671527,
            9935.437458272905,
            1423.8670376725072,
            108.9532668959079,
            3567.8903520069366,
            963.5667904908534,
            10004.304880730415,
            1265.4130524586446,
            -6.5996362209168264,
            143.4818100538717,
            11079.801887510748,
            10834.581325251478,
            -114.66155188352207,
            10888.946315951187
          ]
        },
        "Cupid (Re-implemented)": {
          "mean_reward": 4494.795018714811,
          "std_reward": 4532.433477529251,
          "min_reward": -127.26269317762956,
          "max_reward": 11076.866331911808,
          "success_rate": 0.5,
          "rewards": [
            121.58644626694488,
            -48.58814349742852,
            1997.9086504722036,
            8598.208412878974,
            107.71987459073858,
            10830.997014075861,
            9772.567763832049,
            1779.0374452757997,
            1516.7857903547294,
            116.37679153190048,
            10317.049709462233,
            141.32037621382577,
            8947.114144198451,
            1458.3286119012282,
            -15.612989764335508,
            3797.257960964192,
            11076.866331911808,
            8608.895892448785,
            -127.26269317762956,
            10899.342984355879
          ]
        },
        "STRIDE v2 Direct": {
          "mean_reward": 5028.820818904814,
          "std_reward": 4882.304894039785,
          "min_reward": -141.50295199121675,
          "max_reward": 11250.233038306209,
          "success_rate": 0.5,
          "rewards": [
            60.08711361002125,
            -83.49583445340714,
            1651.996939021002,
            8655.310422240254,
            217.98012641746624,
            10649.725537995431,
            10478.650721027343,
            10248.338451900312,
            2521.9102659345676,
            1112.5012695139915,
            10353.547892727021,
            133.1819118684174,
            10223.781134307761,
            251.43625723912527,
            -56.02194622196074,
            1714.0558303269538,
            11250.233038306209,
            10834.803155997834,
            -141.50295199121675,
            10499.897042329156
          ]
        }
      }
    ]
  },
  "Cupid (Re-implemented)": {
    "mean_reward": 4494.795018714811,
    "std_cross_trial_reward": 0.0,