{
  "Vanilla BC": {
    "mean_reward": 5737.001561014794,
    "std_reward": 4758.991676844649,
    "min_reward": 19.118881571438866,
    "max_reward": 11131.907043433686,
    "success_rate": 0.55,
    "rewards": [
      1665.6892692827344,
      19.118881571438866,
      3018.4887751280085,
      10023.110502078509,
      1618.507958221657,
      10778.81702864315,
      9926.2590670976,
      9666.437958235561,
      10940.042412478293,
      1762.3751000305526,
      10706.28243251582,
      145.79819738967748,
      10163.478833212574,
      1972.0599976714495,
      36.95604183366193,
      149.34761913173836,
      11131.907043433686,
      10709.850152532916,
      66.76218599377736,
      10238.741763813054
    ]
  },
  "Gaussian Filter BC": {
    "mean_reward": 5839.417880692379,
    "std_reward": 4847.402963555956,
    "min_reward": -15.78228215044129,
    "max_reward": 11001.923718236558,
    "success_rate": 0.55,
    "rewards": [
      1707.9876498245394,
      8.44018519215055,
      1675.9658081447726,
      10702.748433045483,
      114.55232932175703,
      10780.326590608953,
      9942.193047899926,
      3579.13582979246,
      11001.923718236558,
      1513.9847262819512,
      10536.586125269909,
      128.11450856415576,
      10233.904300739214,
      10830.375993596766,
      48.660891169856896,
      1903.0063900900418,
      10923.782953893637,
      10954.726093755013,
      -15.78228215044129,
      10217.724320570866
    ]
  },
  "Influence-Weighted BC": {
    "mean_reward": 4856.302500303059,
    "std_reward": 4551.142061864491,
    "min_reward": 43.84847453878803,
    "max_reward": 11044.033084879182,
    "success_rate": 0.5,
    "rewards": [
      139.2687423079116,
      43.84847453878803,
      313.9302112642504,
      9460.674476566479,
      9077.061330448938,
      10898.710942971418,
      1838.1378189185937,
      1706.6020468535626,
      10941.277023581513,
      1710.4202965521754,
      10550.97712497523,
      153.83695575301857,
      2984.9083071752602,
      9037.353521086989,
      107.33313869163494,
      1828.907642286069,
      11044.033084879182,
      11004.344459798293,
      59.80849913231483,
      4224.615908279557
    ]
  },
  "Random Latent BC": {
    "mean_reward": 5683.676426529867,
    "std_reward": 4521.5799524954655,
    "min_reward": -12.994751755644689,
    "max_reward": 11094.154602105995,
    "success_rate": 0.65,
    "rewards": [
      9162.265046855404,
      44.97242995190495,
      142.1646458173415,
      10314.698256199112,
      124.74695631771749,
      10547.384290567872,
      2503.6399918201705,
      9386.244130084106,
      9587.776942316208,
      9975.286241850088,
      5725.691524598109,
      151.39687863083523,
      3504.7902158157067,
      7671.110530328594,
      94.49800868812692,
      1887.4461654427405,
      11094.154602105995,
      11014.86904662945,
      -12.994751755644689,
      10753.387378333504
    ]
  },
  "STRIDE": {
    "mean_reward": 1844.6863728258163,
    "std_reward": 3307.619451255487,
    "min_reward": -73.11667441820568,
    "max_reward": 10779.954055699327,
    "success_rate": 0.25,
    "rewards": [
      1368.0726669953765,
      13.006228993948111,
      40.65752908001387,
      136.25349740327337,
      -55.007656118567944,
      3891.491671211873,
      653.0705717145534,
      1906.6761282972445,
      10707.819623257627,
      51.14231514335598,
      116.33420774855077,
      141.57550190832112,
      113.44010372197766,
      10779.954055699327,
      -73.11667441820568,
      246.35640187218718,
      5823.557150102629,
      921.9999062109484,
      -27.592278577208585,
      138.03650626909837
    ]
  }
}