{
  "Vanilla BC": {
    "mean_reward": 5737.001561014794,
    "std_reward": 4758.991676844649,
    "min_reward": 19.118881571438866,
    "max_reward": 11131.907043433686,
    "success_rate": 0.55,
    "rewards": [
      1665.6892692827344,
      19.118881571438866,
      3018.4887751280085,
      10023.110502078509,
      1618.507958221657,
      10778.81702864315,
      9926.2590670976,
      9666.437958235561,
      10940.042412478293,
      1762.3751000305526,
      10706.28243251582,
      145.79819738967748,
      10163.478833212574,
      1972.0599976714495,
      36.95604183366193,
      149.34761913173836,
      11131.907043433686,
      10709.850152532916,
      66.76218599377736,
      10238.741763813054
    ]
  },
  "Gaussian Filter BC": {
    "mean_reward": 5839.417880692379,
    "std_reward": 4847.402963555956,
    "min_reward": -15.78228215044129,
    "max_reward": 11001.923718236558,
    "success_rate": 0.55,
    "rewards": [
      1707.9876498245394,
      8.44018519215055,
      1675.9658081447726,
      10702.748433045483,
      114.55232932175703,
      10780.326590608953,
      9942.193047899926,
      3579.13582979246,
      11001.923718236558,
      1513.9847262819512,
      10536.586125269909,
      128.11450856415576,
      10233.904300739214,
      10830.375993596766,
      48.660891169856896,
      1903.0063900900418,
      10923.782953893637,
      10954.726093755013,
      -15.78228215044129,
      10217.724320570866
    ]
  },
  "Influence-Weighted BC": {
    "mean_reward": 4856.302500303059,
    "std_reward": 4551.142061864491,
    "min_reward": 43.84847453878803,
    "max_reward": 11044.033084879182,
    "success_rate": 0.5,
    "rewards": [
      139.2687423079116,
      43.84847453878803,
      313.9302112642504,
      9460.674476566479,
      9077.061330448938,
      10898.710942971418,
      1838.1378189185937,
      1706.6020468535626,
      10941.277023581513,
      1710.4202965521754,
      10550.97712497523,
      153.83695575301857,
      2984.9083071752602,
      9037.353521086989,
      107.33313869163494,
      1828.907642286069,
      11044.033084879182,
      11004.344459798293,
      59.80849913231483,
      4224.615908279557
    ]
  },
  "Random Latent BC": {
    "mean_reward": 5683.676426529867,
    "std_reward": 4521.5799524954655,
    "min_reward": -12.994751755644689,
    "max_reward": 11094.154602105995,
    "success_rate": 0.65,
    "rewards": [
      9162.265046855404,
      44.97242995190495,
      142.1646458173415,
      10314.698256199112,
      124.74695631771749,
      10547.384290567872,
      2503.6399918201705,
      9386.244130084106,
      9587.776942316208,
      9975.286241850088,
      5725.691524598109,
      151.39687863083523,
      3504.7902158157067,
      7671.110530328594,
      94.49800868812692,
      1887.4461654427405,
      11094.154602105995,
      11014.86904662945,
      -12.994751755644689,
      10753.387378333504
    ]
  },
  "STRIDE": {
    "mean_reward": 6474.697606996896,
    "std_reward": 4510.368060989179,
    "min_reward": 3.6825590980149494,
    "max_reward": 11090.471282102593,
    "success_rate": 0.75,
    "rewards": [
      10746.615041372126,
      3.6825590980149494,
      4311.504593467922,
      9542.034202865834,
      120.58525821300091,
      10850.776905367664,
      10247.980704195059,
      10125.63525663095,
      11058.06869882391,
      9455.879226926334,
      10568.092603696849,
      142.81507812870385,
      4629.129023323243,
      2245.0718045052827,
      78.01127929269866,
      9316.79606829479,
      11090.471282102593,
      10920.928067962508,
      49.29503862847211,
      3990.5794470419555
    ]
  }
}